{
  "project_info": {
    "project_number": "175320651149",
    "firebase_url": "https://ecommerce-a6736.firebaseio.com",
    "project_id": "ecommerce-a6736",
    "storage_bucket": "ecommerce-a6736.appspot.com"
  },
  "client": [
    {
      "client_info": {
        "mobilesdk_app_id": "1:175320651149:android:10832350bd096ac518d9c4",
        "android_client_info": {
          "package_name": "com.example.flutterexam"
        }
      },
      "oauth_client": [
        {
          "client_id": "175320651149-i1pjpdp16tlegi5u52ngbb4691g8irmj.apps.googleusercontent.com",
          "client_type": 1,
          "android_info": {
            "package_name": "com.example.flutterexam",
            "certificate_hash": "da39a3ee5e6b4b0d3255bfef95501890afd80709"
          }
        },
        {
          "client_id": "175320651149-j0acffbc5eled5u6vbjj1u6jghjikqlc.apps.googleusercontent.com",
          "client_type": 3
        }
      ],
      "api_key": [
        {
          "current_key": "AIzaSyB1A1_Fy19G_2aoBkwu9LvWvxdviy-eRR8"
        }
      ],
      "services": {
        "appinvite_service": {
          "other_platform_oauth_client": [
            {
              "client_id": "175320651149-j0acffbc5eled5u6vbjj1u6jghjikqlc.apps.googleusercontent.com",
              "client_type": 3
            }
          ]
        }
      }
    }
  ],
  "configuration_version": "1"
}